{"cameraMode":{"drawMode":0,"name":"Shaded","section":"Shading Mode"},"sceneLighting":false,"audioPlay":false,"sceneViewState":{"m_AlwaysRefresh":false,"showFog":true,"showSkybox":false,"showFlares":true,"showImageEffects":true,"showParticleSystems":true,"showVisualEffectGraphs":true,"m_FxEnabled":true},"in2DMode":false,"pivot":{"x":124.4000015258789,"y":3.030000686645508,"z":31.148929595947267},"rotation":{"x":0.04881091043353081,"y":0.16241863369941712,"z":-0.008286448195576668,"w":0.9859004616737366},"size":3.3446576595306398,"orthographic":false}