{"cameraMode":{"drawMode":0,"name":"Shaded","section":"Shading Mode"},"sceneLighting":false,"audioPlay":false,"sceneViewState":{"m_AlwaysRefresh":false,"showFog":true,"showSkybox":false,"showFlares":true,"showImageEffects":true,"showParticleSystems":true,"showVisualEffectGraphs":true,"m_FxEnabled":true},"in2DMode":false,"pivot":{"x":-0.10488748550415039,"y":0.24180853366851808,"z":-0.21317121386528016},"rotation":{"x":0.3109474778175354,"y":-0.3804554343223572,"z":0.1368694305419922,"w":0.8605486750602722},"size":1.7678769826889039,"orthographic":false}