{"cameraMode":{"drawMode":0,"name":"Shaded","section":"Shading Mode"},"sceneLighting":false,"audioPlay":false,"sceneViewState":{"m_AlwaysRefresh":false,"showFog":true,"showSkybox":false,"showFlares":true,"showImageEffects":true,"showParticleSystems":true,"showVisualEffectGraphs":true,"m_FxEnabled":true},"in2DMode":false,"pivot":{"x":0.09000003337860108,"y":1.6599998474121094,"z":0.0020072460174560549},"rotation":{"x":-0.28770318627357485,"y":-0.07740702480077744,"z":0.023779647424817086,"w":-0.9544395804405212},"size":2.2526581287384035,"orthographic":false}