{"cameraMode":{"drawMode":0,"name":"Shaded","section":"Shading Mode"},"sceneLighting":false,"audioPlay":false,"sceneViewState":{"m_AlwaysRefresh":false,"showFog":true,"showSkybox":false,"showFlares":true,"showImageEffects":true,"showParticleSystems":true,"showVisualEffectGraphs":true,"m_FxEnabled":true},"in2DMode":false,"pivot":{"x":1.4600000381469727,"y":0.20200000703334809,"z":3.352652072906494},"rotation":{"x":-0.014730168506503106,"y":-0.24387556314468385,"z":0.00420484971255064,"w":-0.9698413014411926},"size":0.6835407018661499,"orthographic":false}