{"cameraMode":{"drawMode":0,"name":"Shaded","section":"Shading Mode"},"sceneLighting":false,"audioPlay":false,"sceneViewState":{"m_AlwaysRefresh":false,"showFog":true,"showSkybox":false,"showFlares":true,"showImageEffects":true,"showParticleSystems":true,"showVisualEffectGraphs":true,"m_FxEnabled":true},"in2DMode":false,"pivot":{"x":0.09000003337860108,"y":1.6599998474121094,"z":0.0020072460174560549},"rotation":{"x":-0.15146993100643159,"y":-0.5728784203529358,"z":0.10920818150043488,"w":-0.7982643842697144},"size":2.2526581287384035,"orthographic":false}