{"cameraMode":{"drawMode":0,"name":"Shaded","section":"Shading Mode"},"sceneLighting":false,"audioPlay":false,"sceneViewState":{"m_AlwaysRefresh":false,"showFog":true,"showSkybox":false,"showFlares":true,"showImageEffects":true,"showParticleSystems":true,"showVisualEffectGraphs":true,"m_FxEnabled":true},"in2DMode":false,"pivot":{"x":0.07927271723747254,"y":2.674288272857666,"z":-1.3272361755371094},"rotation":{"x":-0.24498680233955384,"y":0.03181309252977371,"z":-0.007229920476675034,"w":-0.9694101214408875},"size":3.005235433578491,"orthographic":false}