{"cameraMode":{"drawMode":0,"name":"Shaded","section":"Shading Mode"},"sceneLighting":false,"audioPlay":false,"sceneViewState":{"m_AlwaysRefresh":false,"showFog":true,"showSkybox":false,"showFlares":true,"showImageEffects":true,"showParticleSystems":true,"showVisualEffectGraphs":true,"m_FxEnabled":true},"in2DMode":false,"pivot":{"x":0.0771760642528534,"y":0.22327052056789399,"z":0.010519340634346009},"rotation":{"x":0.2479071468114853,"y":-0.20950765907764436,"z":0.054363854229450229,"w":0.9446815252304077},"size":0.47282227873802187,"orthographic":false}